default position,avg_from_default,avg_from_current,difference
G,3.7465857359635812,4.364188163884673,0.6176024279210921
