penalty_number,scored,total,pct_scored,rank
8,4,4,1.0,1.0
7,5,6,0.8333333333333334,2.0
1,80,104,0.7692307692307693,3.0
3,80,104,0.7692307692307693,3.0
2,79,104,0.7596153846153846,4.0
6,11,16,0.6875,5.0
4,64,104,0.6153846153846154,6.0
5,49,86,0.5697674418604651,7.0
9,2,4,0.5,8.0
