tier,number_of_customers,avg_flights,yearly_cost
1,1238,6865.5,0.0
2,1217,11816.666666666668,177250.00000000003
3,1220,16344.0,245160.0
4,1170,20548.0,1027400.0
5,1238,26352.833333333336,2635283.3333333335
6,681,16918.5,2708025.0
