tier,number_of_customers,avg_flights,yearly_cost
1,2437,28160.666666666664,422409.99999999994
2,2408,46900.83333333333,2345041.6666666665
3,681,16918.5,2708025.0
