"Adopted, Returned to Owner or Transferred",Other
0.9378005900658772,0.06219940993412278
0.9617229431347238,0.038277056865276174
